{
  "hash": "140a6c9b",
  "configHash": "311c29d1",
  "lockfileHash": "0ffe8c33",
  "browserHash": "3e45b690",
  "optimized": {
    "@angular/common/http": {
      "src": "../../../../../../node_modules/@angular/common/fesm2022/http.mjs",
      "file": "@angular_common_http.js",
      "fileHash": "0b6b8a45",
      "needsInterop": false
    },
    "@angular/core": {
      "src": "../../../../../../node_modules/@angular/core/fesm2022/core.mjs",
      "file": "@angular_core.js",
      "fileHash": "09987911",
      "needsInterop": false
    },
    "@angular/forms": {
      "src": "../../../../../../node_modules/@angular/forms/fesm2022/forms.mjs",
      "file": "@angular_forms.js",
      "fileHash": "0c297872",
      "needsInterop": false
    },
    "@angular/platform-browser": {
      "src": "../../../../../../node_modules/@angular/platform-browser/fesm2022/platform-browser.mjs",
      "file": "@angular_platform-browser.js",
      "fileHash": "bb14f567",
      "needsInterop": false
    },
    "@angular/router": {
      "src": "../../../../../../node_modules/@angular/router/fesm2022/router.mjs",
      "file": "@angular_router.js",
      "fileHash": "5ef0bfb8",
      "needsInterop": false
    },
    "@angular/common": {
      "src": "../../../../../../node_modules/@angular/common/fesm2022/common.mjs",
      "file": "@angular_common.js",
      "fileHash": "0940efa3",
      "needsInterop": false
    }
  },
  "chunks": {
    "chunk-77T4RW2Q": {
      "file": "chunk-77T4RW2Q.js"
    },
    "chunk-HVF36QVL": {
      "file": "chunk-HVF36QVL.js"
    },
    "chunk-55WSUAAI": {
      "file": "chunk-55WSUAAI.js"
    },
    "chunk-SOL5XZJW": {
      "file": "chunk-SOL5XZJW.js"
    },
    "chunk-LKBYGJ3F": {
      "file": "chunk-LKBYGJ3F.js"
    }
  }
}